run_idx,scan_id,timestamp,session_dir,step,step_tag,soc_plateau_label,voltage_at_scan,current_at_scan,step_time_relative_min,line_T_mean_c,amp_mean_roi,tof_mean_roi,energy_mean_roi
77,scan_2026-05-31_07-14-01,2026-05-31T07:14:01,data\raw\cscan\cscan_longrun_cycling_35c_2026-05-30_19-47-06_r077_2026-05-31_07-14-01,5,rest,20.0,3.278,0.0,6.2,35.91113570884423,1.431891679763794,9.380928993225098,24.931121826171875
78,scan_2026-05-31_07-23-03,2026-05-31T07:23:03,data\raw\cscan\cscan_longrun_cycling_35c_2026-05-30_19-47-06_r078_2026-05-31_07-23-03,5,rest,20.0,3.275,0.0,15.233333333333333,35.956883293611035,1.4296956062316895,9.379451751708984,24.889894485473633
79,scan_2026-05-31_07-32-06,2026-05-31T07:32:06,data\raw\cscan\cscan_longrun_cycling_35c_2026-05-30_19-47-06_r079_2026-05-31_07-32-06,5,rest,20.0,3.273,0.0,24.283333333333335,35.940855414779094,1.427190899848938,9.373734474182129,24.790332794189453
80,scan_2026-05-31_07-41-08,2026-05-31T07:41:08,data\raw\cscan\cscan_longrun_cycling_35c_2026-05-30_19-47-06_r080_2026-05-31_07-41-08,5,rest,20.0,3.272,0.0,33.31666666666667,35.92454725283164,1.4271687269210815,9.376087188720703,24.79671287536621
81,scan_2026-05-31_07-50-10,2026-05-31T07:50:10,data\raw\cscan\cscan_longrun_cycling_35c_2026-05-30_19-47-06_r081_2026-05-31_07-50-10,5,rest,20.0,3.271,0.0,42.35,35.92894414619163,1.4233793020248413,9.374125480651855,24.681581497192383
82,scan_2026-05-31_07-59-13,2026-05-31T07:59:13,data\raw\cscan\cscan_longrun_cycling_35c_2026-05-30_19-47-06_r082_2026-05-31_07-59-13,5,rest,20.0,3.271,0.0,51.4,35.94449906437486,1.418010950088501,9.369647026062012,24.516115188598633
83,scan_2026-05-31_08-08-15,2026-05-31T08:08:15,data\raw\cscan\cscan_longrun_cycling_35c_2026-05-30_19-47-06_r083_2026-05-31_08-08-15,5,rest,20.0,3.27,0.0,60.43333333333333,35.902131416179515,1.4189969301223755,9.36847972869873,24.54851722717285
84,scan_2026-05-31_08-17-18,2026-05-31T08:17:18,data\raw\cscan\cscan_longrun_cycling_35c_2026-05-30_19-47-06_r084_2026-05-31_08-17-18,5,rest,20.0,3.269,0.0,69.48333333333333,35.906016985575356,1.4210628271102905,9.3764009475708,24.625530242919922
85,scan_2026-05-31_08-26-20,2026-05-31T08:26:20,data\raw\cscan\cscan_longrun_cycling_35c_2026-05-30_19-47-06_r085_2026-05-31_08-26-20,5,rest,20.0,3.269,0.0,78.51666666666667,35.903002447552154,1.4189974069595337,9.373763084411621,24.547821044921875
86,scan_2026-05-31_08-35-22,2026-05-31T08:35:22,data\raw\cscan\cscan_longrun_cycling_35c_2026-05-30_19-47-06_r086_2026-05-31_08-35-22,5,rest,20.0,3.268,0.0,87.55,35.9186624067801,1.4111223220825195,9.36732292175293,24.30046844482422
87,scan_2026-05-31_08-44-25,2026-05-31T08:44:25,data\raw\cscan\cscan_longrun_cycling_35c_2026-05-30_19-47-06_r087_2026-05-31_08-44-25,5,rest,20.0,3.268,0.0,96.6,35.87513212804441,1.4170610904693604,9.37165355682373,24.51927375793457
88,scan_2026-05-31_08-53-27,2026-05-31T08:53:27,data\raw\cscan\cscan_longrun_cycling_35c_2026-05-30_19-47-06_r088_2026-05-31_08-53-27,5,rest,20.0,3.267,0.0,105.63333333333334,35.86397678763778,1.4174633026123047,9.366443634033203,24.515117645263672
89,scan_2026-05-31_09-02-29,2026-05-31T09:02:29,data\raw\cscan\cscan_longrun_cycling_35c_2026-05-30_19-47-06_r089_2026-05-31_09-02-29,5,rest,20.0,3.267,0.0,114.66666666666667,35.847827178460584,1.4348835945129395,9.411050796508789,25.246658325195312
90,scan_2026-05-31_09-11-32,2026-05-31T09:11:32,data\raw\cscan\cscan_longrun_cycling_35c_2026-05-30_19-47-06_r090_2026-05-31_09-11-32,6,charge,,3.288,0.086,3.716666666666667,35.88850700855255,1.4241979122161865,9.411127090454102,25.007904052734375
91,scan_2026-05-31_09-20-34,2026-05-31T09:20:34,data\raw\cscan\cscan_longrun_cycling_35c_2026-05-30_19-47-06_r091_2026-05-31_09-20-34,6,charge,,3.298,0.086,12.75,35.89020108293604,1.4129194021224976,9.414815902709961,24.73255729675293
92,scan_2026-05-31_09-29-36,2026-05-31T09:29:36,data\raw\cscan\cscan_longrun_cycling_35c_2026-05-30_19-47-06_r092_2026-05-31_09-29-36,6,charge,,3.307,0.086,21.783333333333335,35.87531650066376,1.3966416120529175,9.384916305541992,24.18340492248535
93,scan_2026-05-31_09-38-39,2026-05-31T09:38:39,data\raw\cscan\cscan_longrun_cycling_35c_2026-05-30_19-47-06_r093_2026-05-31_09-38-39,6,charge,,3.313,0.086,30.833333333333332,35.88755580672512,1.381542444229126,9.3980073928833,23.810977935791016
94,scan_2026-05-31_09-47-41,2026-05-31T09:47:41,data\raw\cscan\cscan_longrun_cycling_35c_2026-05-30_19-47-06_r094_2026-05-31_09-47-41,6,charge,,3.317,0.086,39.86666666666667,35.90235205491384,1.3609453439712524,9.356377601623535,23.074508666992188
95,scan_2026-05-31_09-56-43,2026-05-31T09:56:43,data\raw\cscan\cscan_longrun_cycling_35c_2026-05-30_19-47-06_r095_2026-05-31_09-56-43,6,charge,,3.32,0.086,48.9,35.85951239532895,1.3512523174285889,9.345192909240723,22.769752502441406
96,scan_2026-05-31_10-05-46,2026-05-31T10:05:46,data\raw\cscan\cscan_longrun_cycling_35c_2026-05-30_19-47-06_r096_2026-05-31_10-05-46,6,charge,,3.323,0.086,57.95,35.91042233837975,1.3407552242279053,9.330199241638184,22.442718505859375
97,scan_2026-05-31_10-14-48,2026-05-31T10:14:48,data\raw\cscan\cscan_longrun_cycling_35c_2026-05-30_19-47-06_r097_2026-05-31_10-14-48,6,charge,,3.325,0.086,66.98333333333333,35.865525024908564,1.3367761373519897,9.31369400024414,22.229358673095703
98,scan_2026-05-31_10-23-51,2026-05-31T10:23:51,data\raw\cscan\cscan_longrun_cycling_35c_2026-05-30_19-47-06_r098_2026-05-31_10-23-51,6,charge,,3.326,0.086,76.03333333333333,35.88414869485078,1.331652045249939,9.307819366455078,22.04286003112793
99,scan_2026-05-31_10-32-53,2026-05-31T10:32:53,data\raw\cscan\cscan_longrun_cycling_35c_2026-05-30_19-47-06_r099_2026-05-31_10-32-53,6,charge,,3.327,0.086,85.06666666666666,35.926778956695834,1.3277416229248047,9.307435989379883,21.910823822021484
100,scan_2026-05-31_10-41-55,2026-05-31T10:41:55,data\raw\cscan\cscan_longrun_cycling_35c_2026-05-30_19-47-06_r100_2026-05-31_10-41-55,6,charge,,3.327,0.086,94.1,35.867904729313324,1.332634449005127,9.304126739501953,22.05631446838379
101,scan_2026-05-31_10-50-58,2026-05-31T10:50:58,data\raw\cscan\cscan_longrun_cycling_35c_2026-05-30_19-47-06_r101_2026-05-31_10-50-58,6,charge,,3.327,0.086,103.15,35.86853898013079,1.3322783708572388,9.305939674377441,22.032543182373047
102,scan_2026-05-31_11-00-00,2026-05-31T11:00:00,data\raw\cscan\cscan_longrun_cycling_35c_2026-05-30_19-47-06_r102_2026-05-31_11-00-00,6,charge,,3.328,0.086,112.18333333333334,35.86553631005464,1.3315809965133667,9.30790901184082,22.00457191467285
103,scan_2026-05-31_11-09-02,2026-05-31T11:09:02,data\raw\cscan\cscan_longrun_cycling_35c_2026-05-30_19-47-06_r103_2026-05-31_11-09-02,6,charge,,3.317,0.0,121.21666666666667,35.83125160800086,1.3401426076889038,9.312458992004395,22.252187728881836
104,scan_2026-05-31_11-18-05,2026-05-31T11:18:05,data\raw\cscan\cscan_longrun_cycling_35c_2026-05-30_19-47-06_r104_2026-05-31_11-18-05,7,rest,40.0,3.311,0.0,10.266666666666667,35.80269684614959,1.3498437404632568,9.349905014038086,22.69160270690918
105,scan_2026-05-31_11-27-07,2026-05-31T11:27:07,data\raw\cscan\cscan_longrun_cycling_35c_2026-05-30_19-47-06_r105_2026-05-31_11-27-07,7,rest,40.0,3.309,0.0,19.3,35.87475385930803,1.343051552772522,9.3641939163208,22.562782287597656
106,scan_2026-05-31_11-36-09,2026-05-31T11:36:09,data\raw\cscan\cscan_longrun_cycling_35c_2026-05-30_19-47-06_r106_2026-05-31_11-36-09,7,rest,40.0,3.308,0.0,28.333333333333332,35.85528998904758,1.3376538753509521,9.337843894958496,22.323469161987305
107,scan_2026-05-31_11-45-12,2026-05-31T11:45:12,data\raw\cscan\cscan_longrun_cycling_35c_2026-05-30_19-47-06_r107_2026-05-31_11-45-12,7,rest,40.0,3.308,0.0,37.38333333333333,35.84692338660911,1.3264451026916504,9.325373649597168,21.941734313964844
108,scan_2026-05-31_11-54-14,2026-05-31T11:54:14,data\raw\cscan\cscan_longrun_cycling_35c_2026-05-30_19-47-06_r108_2026-05-31_11-54-14,7,rest,40.0,3.307,0.0,46.416666666666664,35.89614759109638,1.3164585828781128,9.322662353515625,21.628650665283203
109,scan_2026-05-31_12-03-17,2026-05-31T12:03:17,data\raw\cscan\cscan_longrun_cycling_35c_2026-05-30_19-47-06_r109_2026-05-31_12-03-17,7,rest,40.0,3.307,0.0,55.46666666666667,35.92239317187556,1.3038681745529175,9.23461627960205,21.426044464111328
110,scan_2026-05-31_12-12-19,2026-05-31T12:12:19,data\raw\cscan\cscan_longrun_cycling_35c_2026-05-30_19-47-06_r110_2026-05-31_12-12-19,7,rest,40.0,3.306,0.0,64.5,35.83894348144531,1.3126537799835205,9.286396026611328,21.413463592529297
111,scan_2026-05-31_12-21-21,2026-05-31T12:21:21,data\raw\cscan\cscan_longrun_cycling_35c_2026-05-30_19-47-06_r111_2026-05-31_12-21-21,7,rest,40.0,3.306,0.0,73.53333333333333,35.8894715000082,1.3072038888931274,9.299445152282715,21.299428939819336
112,scan_2026-05-31_12-30-24,2026-05-31T12:30:24,data\raw\cscan\cscan_longrun_cycling_35c_2026-05-30_19-47-06_r112_2026-05-31_12-30-24,7,rest,40.0,3.306,0.0,82.58333333333333,35.85505755742391,1.3100543022155762,9.276185989379883,21.31632423400879
113,scan_2026-05-31_12-39-26,2026-05-31T12:39:26,data\raw\cscan\cscan_longrun_cycling_35c_2026-05-30_19-47-06_r113_2026-05-31_12-39-26,7,rest,40.0,3.306,0.0,91.61666666666666,35.86773233943515,1.3068596124649048,9.292646408081055,21.237592697143555
114,scan_2026-05-31_12-48-29,2026-05-31T12:48:29,data\raw\cscan\cscan_longrun_cycling_35c_2026-05-30_19-47-06_r114_2026-05-31_12-48-29,7,rest,40.0,3.305,0.0,100.66666666666667,35.855892839255155,1.3106319904327393,9.278011322021484,21.342079162597656
115,scan_2026-05-31_12-57-31,2026-05-31T12:57:31,data\raw\cscan\cscan_longrun_cycling_35c_2026-05-30_19-47-06_r115_2026-05-31_12-57-31,7,rest,40.0,3.305,0.0,109.7,35.82674382792579,1.3191889524459839,9.301851272583008,21.615842819213867
116,scan_2026-05-31_13-06-34,2026-05-31T13:06:34,data\raw\cscan\cscan_longrun_cycling_35c_2026-05-30_19-47-06_r116_2026-05-31_13-06-34,7,rest,40.0,3.305,0.0,118.75,35.832098011617305,1.3212209939956665,9.294651985168457,21.703126907348633
117,scan_2026-05-31_13-15-36,2026-05-31T13:15:36,data\raw\cscan\cscan_longrun_cycling_35c_2026-05-30_19-47-06_r117_2026-05-31_13-15-36,8,charge,,3.328,0.086,7.783333333333333,35.86249006677557,1.323564887046814,9.307024955749512,21.807132720947266
118,scan_2026-05-31_13-24-38,2026-05-31T13:24:38,data\raw\cscan\cscan_longrun_cycling_35c_2026-05-30_19-47-06_r118_2026-05-31_13-24-38,8,charge,,3.331,0.086,16.816666666666666,35.82757798389153,1.3390822410583496,9.348663330078125,22.408042907714844
119,scan_2026-05-31_13-33-41,2026-05-31T13:33:41,data\raw\cscan\cscan_longrun_cycling_35c_2026-05-30_19-47-06_r119_2026-05-31_13-33-41,8,charge,,3.332,0.086,25.866666666666667,35.91352555486891,1.323153018951416,9.340706825256348,21.94886589050293
120,scan_2026-05-31_13-42-43,2026-05-31T13:42:43,data\raw\cscan\cscan_longrun_cycling_35c_2026-05-30_19-47-06_r120_2026-05-31_13-42-43,8,charge,,3.333,0.086,34.9,35.85854502518972,1.322127103805542,9.333786964416504,21.886444091796875
121,scan_2026-05-31_13-51-46,2026-05-31T13:51:46,data\raw\cscan\cscan_longrun_cycling_35c_2026-05-30_19-47-06_r121_2026-05-31_13-51-46,8,charge,,3.333,0.086,43.95,35.899781646551915,1.311524510383606,9.329422950744629,21.571048736572266
122,scan_2026-05-31_14-00-48,2026-05-31T14:00:48,data\raw\cscan\cscan_longrun_cycling_35c_2026-05-30_19-47-06_r122_2026-05-31_14-00-48,8,charge,,3.333,0.086,52.983333333333334,35.91479370770631,1.30673086643219,9.316274642944336,21.392187118530273
123,scan_2026-05-31_14-09-50,2026-05-31T14:09:50,data\raw\cscan\cscan_longrun_cycling_35c_2026-05-30_19-47-06_r123_2026-05-31_14-09-50,8,charge,,3.334,0.086,62.016666666666666,35.89578927446295,1.3015143871307373,9.304994583129883,21.20838737487793
124,scan_2026-05-31_14-18-53,2026-05-31T14:18:53,data\raw\cscan\cscan_longrun_cycling_35c_2026-05-30_19-47-06_r124_2026-05-31_14-18-53,8,charge,,3.335,0.086,71.06666666666666,35.90958425292263,1.2946133613586426,9.286401748657227,20.970399856567383
125,scan_2026-05-31_14-27-55,2026-05-31T14:27:55,data\raw\cscan\cscan_longrun_cycling_35c_2026-05-30_19-47-06_r125_2026-05-31_14-27-55,8,charge,,3.336,0.086,80.1,35.86554103868979,1.293735384941101,9.263232231140137,20.860803604125977
126,scan_2026-05-31_14-36-57,2026-05-31T14:36:57,data\raw\cscan\cscan_longrun_cycling_35c_2026-05-30_19-47-06_r126_2026-05-31_14-36-57,8,charge,,3.337,0.086,89.13333333333334,35.914765931941844,1.2896697521209717,9.258917808532715,20.7496395111084
127,scan_2026-05-31_14-46-00,2026-05-31T14:46:00,data\raw\cscan\cscan_longrun_cycling_35c_2026-05-30_19-47-06_r127_2026-05-31_14-46-00,8,charge,,3.338,0.086,98.18333333333334,35.91781426800622,1.2866719961166382,9.251311302185059,20.655893325805664
128,scan_2026-05-31_14-55-02,2026-05-31T14:55:02,data\raw\cscan\cscan_longrun_cycling_35c_2026-05-30_19-47-06_r128_2026-05-31_14-55-02,8,charge,,3.341,0.086,107.21666666666667,35.878306583121976,1.2916456460952759,9.252641677856445,20.811185836791992
129,scan_2026-05-31_15-04-05,2026-05-31T15:04:05,data\raw\cscan\cscan_longrun_cycling_35c_2026-05-30_19-47-06_r129_2026-05-31_15-04-05,8,charge,,3.343,0.086,116.26666666666667,35.85801345330698,1.2920457124710083,9.244542121887207,20.79834747314453
130,scan_2026-05-31_15-13-07,2026-05-31T15:13:07,data\raw\cscan\cscan_longrun_cycling_35c_2026-05-30_19-47-06_r130_2026-05-31_15-13-07,9,rest,60.0,3.327,0.0,5.283333333333333,35.8556075890859,1.2960360050201416,9.251054763793945,20.91866683959961
131,scan_2026-05-31_15-22-10,2026-05-31T15:22:10,data\raw\cscan\cscan_longrun_cycling_35c_2026-05-30_19-47-06_r131_2026-05-31_15-22-10,9,rest,60.0,3.322,0.0,14.333333333333334,35.81528785935154,1.3045670986175537,9.259865760803223,21.1762638092041
132,scan_2026-05-31_15-31-12,2026-05-31T15:31:12,data\raw\cscan\cscan_longrun_cycling_35c_2026-05-30_19-47-06_r132_2026-05-31_15-31-12,9,rest,60.0,3.32,0.0,23.366666666666667,35.83582332399156,1.3098865747451782,9.285104751586914,21.42218780517578
133,scan_2026-05-31_15-40-14,2026-05-31T15:40:14,data\raw\cscan\cscan_longrun_cycling_35c_2026-05-30_19-47-06_r133_2026-05-31_15-40-14,9,rest,60.0,3.318,0.0,32.4,35.82075063387553,1.3151938915252686,9.31568431854248,21.67352294921875
134,scan_2026-05-31_15-49-17,2026-05-31T15:49:17,data\raw\cscan\cscan_longrun_cycling_35c_2026-05-30_19-47-06_r134_2026-05-31_15-49-17,9,rest,60.0,3.318,0.0,41.45,35.894809042965925,1.3070826530456543,9.31259536743164,21.45323371887207
135,scan_2026-05-31_15-58-19,2026-05-31T15:58:19,data\raw\cscan\cscan_longrun_cycling_35c_2026-05-30_19-47-06_r135_2026-05-31_15-58-19,9,rest,60.0,3.317,0.0,50.483333333333334,35.87079651708956,1.3079922199249268,9.31202507019043,21.48164939880371
136,scan_2026-05-31_16-07-21,2026-05-31T16:07:21,data\raw\cscan\cscan_longrun_cycling_35c_2026-05-30_19-47-06_r136_2026-05-31_16-07-21,9,rest,60.0,3.317,0.0,59.516666666666666,35.901533475628604,1.3025318384170532,9.303750991821289,21.29601287841797
137,scan_2026-05-31_16-16-24,2026-05-31T16:16:24,data\raw\cscan\cscan_longrun_cycling_35c_2026-05-30_19-47-06_r137_2026-05-31_16-16-24,9,rest,60.0,3.316,0.0,68.56666666666666,35.84256113017047,1.3014090061187744,9.277128219604492,21.18763542175293
138,scan_2026-05-31_16-25-26,2026-05-31T16:25:26,data\raw\cscan\cscan_longrun_cycling_35c_2026-05-30_19-47-06_r138_2026-05-31_16-25-26,9,rest,60.0,3.316,0.0,77.6,35.86176255455724,1.2936198711395264,9.26415729522705,20.909074783325195
139,scan_2026-05-31_16-34-29,2026-05-31T16:34:29,data\raw\cscan\cscan_longrun_cycling_35c_2026-05-30_19-47-06_r139_2026-05-31_16-34-29,9,rest,60.0,3.316,0.0,86.65,35.90312542297222,1.2863582372665405,9.258105278015137,20.696834564208984
140,scan_2026-05-31_16-43-31,2026-05-31T16:43:31,data\raw\cscan\cscan_longrun_cycling_35c_2026-05-30_19-47-06_r140_2026-05-31_16-43-31,9,rest,60.0,3.315,0.0,95.68333333333334,35.86319990511294,1.2870570421218872,9.248774528503418,20.678077697753906
141,scan_2026-05-31_16-52-33,2026-05-31T16:52:33,data\raw\cscan\cscan_longrun_cycling_35c_2026-05-30_19-47-06_r141_2026-05-31_16-52-33,9,rest,60.0,3.315,0.0,104.71666666666667,35.85921425731094,1.2883038520812988,9.23918628692627,20.674100875854492
142,scan_2026-05-31_17-01-36,2026-05-31T17:01:36,data\raw\cscan\cscan_longrun_cycling_35c_2026-05-30_19-47-06_r142_2026-05-31_17-01-36,9,rest,60.0,3.315,0.0,113.76666666666667,35.86097738477919,1.2868324518203735,9.239906311035156,20.629709243774414
143,scan_2026-05-31_17-10-38,2026-05-31T17:10:38,data\raw\cscan\cscan_longrun_cycling_35c_2026-05-30_19-47-06_r143_2026-05-31_17-10-38,10,charge,,3.338,0.086,2.8,35.85979161880635,1.2860199213027954,9.23915958404541,20.663951873779297
144,scan_2026-05-31_17-19-41,2026-05-31T17:19:41,data\raw\cscan\cscan_longrun_cycling_35c_2026-05-30_19-47-06_r144_2026-05-31_17-19-41,10,charge,,3.352,0.086,11.85,35.88503354567069,1.2835527658462524,9.232219696044922,20.60275650024414
145,scan_2026-05-31_17-28-43,2026-05-31T17:28:43,data\raw\cscan\cscan_longrun_cycling_35c_2026-05-30_19-47-06_r145_2026-05-31_17-28-43,10,charge,,3.359,0.086,20.883333333333333,35.82762623716284,1.2754887342453003,9.115423202514648,20.601316452026367
146,scan_2026-05-31_17-37-46,2026-05-31T17:37:46,data\raw\cscan\cscan_longrun_cycling_35c_2026-05-30_19-47-06_r146_2026-05-31_17-37-46,10,charge,,3.364,0.086,29.933333333333334,35.82765379658452,1.3041402101516724,9.24003791809082,21.21451759338379
147,scan_2026-05-31_17-46-48,2026-05-31T17:46:48,data\raw\cscan\cscan_longrun_cycling_35c_2026-05-30_19-47-06_r147_2026-05-31_17-46-48,10,charge,,3.365,0.086,38.96666666666667,35.81549630783222,1.3153566122055054,9.261910438537598,21.562232971191406
148,scan_2026-05-31_17-55-50,2026-05-31T17:55:50,data\raw\cscan\cscan_longrun_cycling_35c_2026-05-30_19-47-06_r148_2026-05-31_17-55-50,10,charge,,3.365,0.086,48.0,35.874859399265716,1.3165909051895142,9.27392292022705,21.572269439697266
149,scan_2026-05-31_18-04-53,2026-05-31T18:04:53,data\raw\cscan\cscan_longrun_cycling_35c_2026-05-30_19-47-06_r149_2026-05-31_18-04-53,10,charge,,3.364,0.086,57.05,35.87130270622394,1.3182873725891113,9.242825508117676,21.482837677001953
150,scan_2026-05-31_18-13-55,2026-05-31T18:13:55,data\raw\cscan\cscan_longrun_cycling_35c_2026-05-30_19-47-06_r150_2026-05-31_18-13-55,10,charge,,3.364,0.086,66.08333333333333,35.88041872006876,1.320059895515442,9.23562240600586,21.447858810424805
151,scan_2026-05-31_18-22-58,2026-05-31T18:22:58,data\raw\cscan\cscan_longrun_cycling_35c_2026-05-30_19-47-06_r151_2026-05-31_18-22-58,10,charge,,3.365,0.086,75.13333333333334,35.94560265982593,1.321794033050537,9.245662689208984,21.47234344482422
152,scan_2026-05-31_18-32-00,2026-05-31T18:32:00,data\raw\cscan\cscan_longrun_cycling_35c_2026-05-30_19-47-06_r152_2026-05-31_18-32-00,10,charge,,3.365,0.086,84.16666666666667,35.90173875402521,1.3325108289718628,9.224474906921387,21.682594299316406
153,scan_2026-05-31_18-41-02,2026-05-31T18:41:02,data\raw\cscan\cscan_longrun_cycling_35c_2026-05-30_19-47-06_r153_2026-05-31_18-41-02,10,charge,,3.366,0.086,93.2,35.88153402452115,1.338654637336731,9.210883140563965,21.757211685180664
154,scan_2026-05-31_18-50-05,2026-05-31T18:50:05,data\raw\cscan\cscan_longrun_cycling_35c_2026-05-30_19-47-06_r154_2026-05-31_18-50-05,10,charge,,3.367,0.086,102.25,35.90210091626203,1.3421924114227295,9.196883201599121,21.79798126220703
155,scan_2026-05-31_18-59-07,2026-05-31T18:59:07,data\raw\cscan\cscan_longrun_cycling_35c_2026-05-30_19-47-06_r155_2026-05-31_18-59-07,10,charge,,3.367,0.086,111.28333333333333,35.91673021846347,1.346914291381836,9.195342063903809,21.87735366821289
156,scan_2026-05-31_19-08-10,2026-05-31T19:08:10,data\raw\cscan\cscan_longrun_cycling_35c_2026-05-30_19-47-06_r156_2026-05-31_19-08-10,10,charge,,3.358,0.0,120.33333333333333,35.83903404518409,1.356938362121582,9.168489456176758,22.05245018005371
157,scan_2026-05-31_19-17-12,2026-05-31T19:17:12,data\raw\cscan\cscan_longrun_cycling_35c_2026-05-30_19-47-06_r157_2026-05-31_19-17-12,11,rest,80.0,3.346,0.0,9.35,35.890257614630244,1.3474920988082886,9.18177318572998,21.841325759887695
158,scan_2026-05-31_19-26-15,2026-05-31T19:26:15,data\raw\cscan\cscan_longrun_cycling_35c_2026-05-30_19-47-06_r158_2026-05-31_19-26-15,11,rest,80.0,3.343,0.0,18.4,35.869667455002116,1.349962830543518,9.170147895812988,21.890758514404297
159,scan_2026-05-31_19-35-17,2026-05-31T19:35:17,data\raw\cscan\cscan_longrun_cycling_35c_2026-05-30_19-47-06_r159_2026-05-31_19-35-17,11,rest,80.0,3.341,0.0,27.433333333333334,35.86072381778999,1.3488532304763794,9.173622131347656,21.85823631286621
160,scan_2026-05-31_19-44-19,2026-05-31T19:44:19,data\raw\cscan\cscan_longrun_cycling_35c_2026-05-30_19-47-06_r160_2026-05-31_19-44-19,11,rest,80.0,3.341,0.0,36.46666666666667,35.8602347947933,1.348626971244812,9.177813529968262,21.851287841796875
161,scan_2026-05-31_19-53-22,2026-05-31T19:53:22,data\raw\cscan\cscan_longrun_cycling_35c_2026-05-30_19-47-06_r161_2026-05-31_19-53-22,11,rest,80.0,3.34,0.0,45.516666666666666,35.85971234904395,1.3495540618896484,9.17476749420166,21.87389373779297
162,scan_2026-05-31_20-02-24,2026-05-31T20:02:24,data\raw\cscan\cscan_longrun_cycling_35c_2026-05-30_19-47-06_r162_2026-05-31_20-02-24,11,rest,80.0,3.34,0.0,54.55,35.81811417032171,1.3541558980941772,9.180177688598633,22.007009506225586
163,scan_2026-05-31_20-11-27,2026-05-31T20:11:27,data\raw\cscan\cscan_longrun_cycling_35c_2026-05-30_19-47-06_r163_2026-05-31_20-11-27,11,rest,80.0,3.34,0.0,63.6,35.80689694704833,1.3595778942108154,9.197392463684082,22.202091217041016
164,scan_2026-05-31_20-20-29,2026-05-31T20:20:29,data\raw\cscan\cscan_longrun_cycling_35c_2026-05-30_19-47-06_r164_2026-05-31_20-20-29,11,rest,80.0,3.34,0.0,72.63333333333334,35.81582427024841,1.3451131582260132,9.12952709197998,22.124122619628906
165,scan_2026-05-31_20-29-32,2026-05-31T20:29:32,data\raw\cscan\cscan_longrun_cycling_35c_2026-05-30_19-47-06_r165_2026-05-31_20-29-32,11,rest,80.0,3.339,0.0,81.68333333333334,35.9020804255097,1.3568276166915894,9.254337310791016,22.26624870300293
166,scan_2026-05-31_20-38-34,2026-05-31T20:38:34,data\raw\cscan\cscan_longrun_cycling_35c_2026-05-30_19-47-06_r166_2026-05-31_20-38-34,11,rest,80.0,3.339,0.0,90.71666666666667,35.87712787698816,1.3589025735855103,9.25147533416748,22.316612243652344
167,scan_2026-05-31_20-47-37,2026-05-31T20:47:37,data\raw\cscan\cscan_longrun_cycling_35c_2026-05-30_19-47-06_r167_2026-05-31_20-47-37,11,rest,80.0,3.339,0.0,99.76666666666667,35.890411487332095,1.3563345670700073,9.24002742767334,22.21329116821289
168,scan_2026-05-31_20-56-39,2026-05-31T20:56:39,data\raw\cscan\cscan_longrun_cycling_35c_2026-05-30_19-47-06_r168_2026-05-31_20-56-39,11,rest,80.0,3.339,0.0,108.8,35.8825173775355,1.35447359085083,9.229331016540527,22.12868881225586
169,scan_2026-05-31_21-05-41,2026-05-31T21:05:41,data\raw\cscan\cscan_longrun_cycling_35c_2026-05-30_19-47-06_r169_2026-05-31_21-05-41,11,rest,80.0,3.339,0.0,117.83333333333333,35.87990669409434,1.3538836240768433,9.220942497253418,22.08700180053711
